<?xml version='1.0' encoding='utf-8'?>
<!DOCTYPE hibernate-configuration PUBLIC
        "-//Hibernate/Hibernate Configuration DTD 3.0//EN"
        "http://hibernate.sourceforge.net/hibernate-configuration-3.0.dtd">

<hibernate-configuration>

      <session-factory>
     
     
     
   <!-- 
       Database connection settings
        <property name="connection.driver_class">com.mysql.jdbc.Driver</property>
        <property name="connection.url">jdbc:mysql://localhost:3306/capstore</property>
        <property name="connection.username">root</property>
        <property name="connection.password">Pass1234</property>
     
       JDBC connection pool (use the built-in)
        <property name="connection.pool_size">2</property>

        SQL dialect
        <property name="dialect">org.hibernate.dialect.MySQL5Dialect</property>

        Enable Hibernate's current session context
        <property name="current_session_context_class">thread</property>

        Disable the second-level cache 
        <property name="cache.provider_class">org.hibernate.cache.NoCacheProvider</property>

        Echo all executed SQL to stdout
        <property name="show_sql">true</property>
       
         -->
        
       <mapping class="org.capstore.domain.Customer" />
        <mapping class="org.capstore.domain.Merchant" />
        
        

  
      
    </session-factory>

</hibernate-configuration>

